{"cameraMode":{"drawMode":0,"name":"Shaded","section":"Shading Mode"},"sceneLighting":false,"audioPlay":false,"sceneViewState":{"showFog":true,"showMaterialUpdate":false,"showSkybox":true,"showFlares":false,"showImageEffects":true,"showParticleSystems":true},"in2DMode":false,"pivot":{"x":-0.3280000686645508,"y":-0.2799997329711914,"z":0.5920000076293945},"rotation":{"x":0.007074765861034393,"y":0.9901587963104248,"z":-0.05441274493932724,"w":0.12874256074428559},"size":80.02074432373047,"orthographic":false}