{"cameraMode":{"drawMode":0,"name":"Shaded","section":"Shading Mode"},"sceneLighting":true,"audioPlay":false,"sceneViewState":{"showFog":true,"showMaterialUpdate":false,"showSkybox":true,"showFlares":false,"showImageEffects":true,"showParticleSystems":true},"in2DMode":false,"pivot":{"x":-32.69994354248047,"y":20.189971923828126,"z":59.11457824707031},"rotation":{"x":0.689284086227417,"y":-4.33416204259629e-7,"z":5.096403015159012e-7,"w":0.7244918942451477},"size":117.76959991455078,"orthographic":false}