{"cameraMode":{"drawMode":0,"name":"Shaded","section":"Shading Mode"},"sceneLighting":true,"audioPlay":false,"sceneViewState":{"showFog":true,"showMaterialUpdate":false,"showSkybox":true,"showFlares":true,"showImageEffects":true,"showParticleSystems":true},"in2DMode":false,"pivot":{"x":10.530045509338379,"y":-1.3870429992675782,"z":11.242490768432618},"rotation":{"x":-0.4708728790283203,"y":0.5146464705467224,"z":-0.41473788022994997,"w":-0.5843044519424439},"size":20.417400360107423,"orthographic":false}